,City,Country,Date,Latitude,Longitude,Max Temp,Humidity in %,Clouds in %,Wind Speed
0,atar,MR,1559695431,20.52,-13.05,99.95,12,36,11.48
1,tuktoyaktuk,CA,1559695431,69.44,-133.03,46.4,65,40,14.99
2,cidreira,BR,1559695431,-30.17,-50.22,60.53,72,1,5.53
3,chuy,UY,1559695432,-33.69,-53.46,59.27,61,0,8.43
5,bambous virieux,MU,1559695432,-20.34,57.76,69.8,83,40,11.41
6,shetpe,KZ,1559695432,44.14,52.16,79.25,45,61,15.84
7,barrow,AR,1559695165,-38.31,-60.23,59.45,65,100,19.82
9,erzin,TR,1559695432,36.95,36.2,75.99,57,40,9.17
10,honningsvag,NO,1559695432,70.98,25.97,40.19,82,99,7.27
11,tiksi,RU,1559695432,71.64,128.87,34.07,78,0,12.73
12,atuona,PF,1559695432,-9.8,-139.03,82.49,77,4,19.33
13,cape town,ZA,1559695433,-33.93,18.42,61,82,75,16.11
14,aklavik,CA,1559695433,68.22,-135.01,59,33,40,8.05
16,byron bay,AU,1559695433,-28.65,153.62,64.99,59,90,13.87
17,mataura,NZ,1559695433,-46.19,168.86,44.69,80,75,6.96
18,busselton,AU,1559695433,-33.64,115.35,57.99,31,100,34.07
19,xixiang,CN,1559695433,22.58,113.87,86,83,20,8.95
20,mogadishu,SO,1559695433,2.04,45.34,77.27,80,58,11.61
21,hilo,US,1559695356,19.71,-155.08,84.2,58,1,9.17
22,la palma,CO,1559695434,5.36,-74.39,74.75,77,100,1.63
23,cordoba,CO,1559695416,5.59,-73.79,63.05,81,77,4.54
24,lakes entrance,AU,1559695434,-37.88,147.99,52,83,65,7.34
25,zhigansk,RU,1559695434,66.77,123.37,59.99,49,80,1.36
26,bethel,US,1559695435,60.79,-161.76,71.6,43,20,13.87
27,marrakesh,MA,1559695435,31.63,-7.99,69.8,64,40,4.88
28,mahebourg,MU,1559695435,-20.41,57.7,69.8,83,40,11.41
29,toora-khem,RU,1559695435,52.47,96.11,48.47,75,82,3.4
30,vaini,IN,1559695436,15.34,74.49,71.6,88,90,3.36
31,ancud,CL,1559695436,-41.87,-73.83,51.8,87,75,17.22
32,bandarbeyla,SO,1559695436,9.49,50.81,81.41,69,100,8.77
33,torbay,CA,1559695436,47.66,-52.73,57.99,100,90,13.87
34,sao felix do xingu,BR,1559695436,-6.64,-51.99,74.75,77,1,3.29
35,genc,TR,1559695436,38.75,40.56,59.99,51,87,5.39
36,lompoc,US,1559695424,34.64,-120.46,70,82,90,8.05
37,sisimiut,GL,1559695436,66.94,-53.67,43.61,61,0,14.45
38,carnarvon,ZA,1559695437,-30.97,22.13,52.07,74,17,23.24
39,longyearbyen,NO,1559695437,78.22,15.63,35.6,80,75,5.82
40,bequimao,BR,1559695437,-2.45,-44.78,77,88,40,2.24
41,robertsport,LR,1559695437,6.75,-11.37,78.71,84,100,5.17
43,airai,TL,1559695178,-8.93,125.41,77.81,61,28,10.33
44,faanui,PF,1559695437,-16.48,-151.75,81.77,72,1,12.64
45,bonavista,CA,1559695167,48.65,-53.11,55,82,92,1.99
46,rikitea,PF,1559695437,-23.12,-134.97,76.19,80,0,6.24
47,ribeira grande,PT,1559695437,38.52,-28.7,62.51,69,0,11.07
48,hobart,AU,1559695239,-42.88,147.33,53.01,57,75,17.22
49,kutum,SD,1559695438,14.2,24.66,83.75,34,79,4.79
50,tasiilaq,GL,1559695438,65.61,-37.64,41,44,0,8.05
51,dhidhdhoo,MV,1559695438,6.88,73.1,83.75,76,100,16.31
54,bredasdorp,ZA,1559695175,-34.53,20.04,57.2,76,55,14.99
55,puerto ayora,EC,1559695209,-0.74,-90.35,77,69,20,16.11
58,viedma,AR,1559695353,-40.81,-62.99,59.27,69,100,19.42
59,east london,ZA,1559695438,-33.02,27.91,64.67,24,1,8.88
60,bara,NG,1559695438,10.41,10.6,88.79,49,89,10.11
61,albany,US,1559695242,42.65,-73.75,59,76,90,1.92
62,waipawa,NZ,1559695439,-39.94,176.59,51.01,85,97,5.21
63,voh,NC,1559695439,-20.95,164.69,73.85,81,85,11.56
64,hermanus,ZA,1559695439,-34.42,19.24,57,94,44,17
65,mount isa,AU,1559695439,-20.73,139.49,55.4,38,100,16.11
66,nikolskoye,RU,1559695439,59.7,30.79,66,63,0,6.71
67,khatanga,RU,1559695440,71.98,102.47,46.49,75,88,5.7
68,bluff,AU,1559695440,-23.58,149.07,61.25,33,85,14.56
69,saldanha,PT,1559695440,41.42,-6.55,49.37,77,0,6.6
72,sao miguel do araguaia,BR,1559695440,-13.28,-50.16,77.09,61,10,4.16
73,merauke,ID,1559695440,-8.49,140.4,80.51,83,100,23.11
74,port alfred,ZA,1559695440,-33.59,26.89,64,88,26,8.01
75,nanortalik,GL,1559695440,60.14,-45.24,38.75,82,0,4.05
76,new norfolk,AU,1559695441,-42.78,147.06,53.01,57,75,17.22
77,san antonio,CL,1559695152,-33.58,-71.61,51.8,100,90,3.36
78,biak,ID,1559695442,-0.91,122.88,67.55,96,100,2.84
79,ust-nera,RU,1559695442,64.57,143.24,52.61,54,91,1.5
80,punta arenas,CL,1559695442,-53.16,-70.91,41,93,75,6.93
81,nguru,NG,1559695443,12.88,10.45,95.63,26,86,8.88
83,kavieng,PG,1559695443,-2.57,150.8,83.75,74,78,7.31
84,cranbrook,CA,1559695443,49.51,-115.76,75.2,17,75,4.7
85,zelenogorskiy,RU,1559695443,55.03,87,46.4,100,40,6.71
86,saint-philippe,CA,1559695443,45.36,-73.48,55,66,1,20.8
87,dwarka,IN,1559695268,28.58,77.04,95,55,40,6.93
88,la ronge,CA,1559695443,55.1,-105.3,64.4,42,40,10.29
89,ilulissat,GL,1559695443,69.22,-51.1,42.8,70,0,4.7
90,thompson,CA,1559695444,55.74,-97.86,50,76,90,2.24
91,namatanai,PG,1559695291,-3.66,152.44,81.41,82,76,8.66
92,ushuaia,AR,1559695444,-54.81,-68.31,39.2,86,0,5.59
93,marfino,RU,1559695444,56.07,37.56,59,71,0,2.24
94,jamestown,AU,1559695444,-33.21,138.6,47.75,66,0,9.95
96,kurikka,FI,1559695445,62.62,22.4,51.8,87,0,3.36
98,sussex,CA,1559695445,45.72,-65.51,55,71,75,5.82
99,pevek,RU,1559695445,69.7,170.27,31.37,92,73,8.77
100,broome,GB,1559695178,52.47,1.45,55.99,93,55,5.82
102,presidente olegario,BR,1559695445,-18.42,-46.42,55,100,0,8.23
103,ciamis,ID,1559695349,-7.33,108.35,71.33,88,74,1.86
104,sitka,US,1559695445,37.17,-99.65,82.99,58,0,5.99
106,sinop,TR,1559695445,42.03,35.15,65.39,85,55,2.44
107,donskoy,RU,1559695445,47.12,39.32,69.8,46,0,20.13
108,ahipara,NZ,1559695446,-35.17,173.16,64,100,41,31.85
109,cherskiy,RU,1559695151,68.75,161.3,41.09,41,0,16.02
110,doha,QA,1559695343,25.29,51.53,89.6,62,0,5.82
111,buta,CD,1559695446,2.79,24.73,69.53,98,92,1.59
113,arraial do cabo,BR,1559695446,-22.97,-42.02,71.15,69,6,18.59
114,port-cartier,CA,1559695446,50.03,-66.88,50,81,75,2.24
115,wad rawah,SD,1559695446,15.16,33.13,86.45,51,100,15.37
116,rio gallegos,AR,1559695172,-51.62,-69.22,42.8,87,90,4.7
117,laguna,MX,1559695447,27.52,-110.01,87.8,31,5,11.41
118,kahului,US,1559695447,20.89,-156.47,84.2,62,75,26.4
119,makushino,RU,1559695447,55.21,67.25,50.09,91,25,13.53
120,avarua,CK,1559695447,-21.21,-159.78,77,78,93,6.93
121,sao filipe,CV,1559695151,14.9,-24.5,74.57,85,6,12.57
122,pacific grove,US,1559695447,36.62,-121.92,91,72,1,5.82
123,goderich,CA,1559695167,43.74,-81.71,68,67,60,11.01
124,belyy yar,RU,1559695447,53.6,91.39,46.4,100,63,4.41
125,oranjemund,ZA,1559695447,-28.55,16.43,58.01,89,89,3.51
126,petropavlovsk-kamchatskiy,RU,1559695448,53.05,158.65,50,81,75,6.71
127,hithadhoo,MV,1559695448,-0.6,73.08,85.01,74,100,10.71
128,srednekolymsk,RU,1559695448,67.46,153.71,45.23,34,0,11.5
129,maceio,BR,1559695279,-9.67,-35.74,71.6,88,0,2.24
130,atambua,ID,1559695448,-9.11,124.89,79.61,70,31,20.2
131,port lincoln,AU,1559695448,-34.72,135.86,56.39,56,67,5.64
132,le vauclin,MQ,1559695448,14.55,-60.84,82.4,83,20,8.05
133,yelan-kolenovskiy,RU,1559695448,51.16,41.15,53.15,86,20,7.63
134,meulaboh,ID,1559695448,4.14,96.13,81.41,79,100,6.13
135,butaritari,KI,1559695449,3.07,172.79,84.29,79,100,14.45
136,ayagoz,KZ,1559695449,47.96,80.43,57.83,91,39,9.01
137,santa maria,BR,1559695450,-29.69,-53.81,54.41,92,0,6.11
138,miranda,CO,1559695355,3.25,-76.23,78.8,69,75,9.17
139,alice springs,AU,1559695263,-23.7,133.88,46.4,45,0,16.11
140,havoysund,NO,1559695450,71,24.66,41,86,75,8.05
141,george town,MY,1559695155,5.42,100.33,78.8,94,75,1.12
142,pozo colorado,PY,1559695450,-23.49,-58.8,55.13,86,0,4.32
143,kampot,KH,1559695345,10.62,104.18,78.8,88,40,1.12
144,kaabong,UG,1559695450,3.51,34.14,62.33,94,71,1.43
145,khash,IR,1559695450,28.22,61.21,67.01,29,1,7.67
146,le havre,FR,1559695451,49.49,0.11,57,82,90,13.87
147,yellowknife,CA,1559695451,62.45,-114.38,46.4,93,90,10.29
148,junin,PE,1559695451,-16.45,-71.58,57.2,16,0,3.62
149,kavkazskaya,RU,1559695451,45.45,40.67,67.73,79,0,10.13
150,yulara,AU,1559695451,-25.24,130.99,48.2,57,0,14.99
151,atikokan,CA,1559695451,48.76,-91.62,61.61,94,93,9.08
152,tsukumi,JP,1559695451,33.08,131.85,73.4,88,40,5.82
153,lerwick,GB,1559695451,60.15,-1.15,41,93,9,1.12
154,roma,IT,1559695239,41.89,12.48,63,77,0,2.24
155,saskylakh,RU,1559695452,71.97,114.09,44.69,55,0,13.53
157,boden,SE,1559695452,65.83,21.69,42.8,100,56,0.85
158,vanavara,RU,1559695452,60.35,102.28,59.09,59,5,1.16
159,manggar,ID,1559695452,-2.88,108.27,80.33,83,100,5.26
160,fortuna,ES,1559695198,38.18,-1.13,69.01,82,20,3.24
161,tromso,NO,1559695221,69.65,18.96,46.4,93,20,9.17
162,dunedin,NZ,1559695179,-45.87,170.5,48,54,1,18.01
163,mount gambier,AU,1559695453,-37.83,140.78,50,87,90,4.7
165,madison,US,1559695209,43.07,-89.38,78.8,65,75,6.93
166,kozhva,RU,1559695453,65.11,57.05,37.31,75,2,2.44
167,thanh hoa,VN,1559695453,10.21,106.33,75.2,94,40,1.12
168,riyadh,SA,1559695453,24.63,46.72,78.8,13,0,3.36
169,camacha,PT,1559695453,33.08,-16.33,66.2,72,40,14.99
170,sasaram,IN,1559695453,24.95,84.01,92.39,47,9,9.75
171,san jose,PH,1559695376,15.79,120.99,87.53,57,100,8.48
173,conceicao do araguaia,BR,1559695454,-8.26,-49.26,78.53,62,19,0.18
174,zunyi,CN,1559695454,27.73,106.92,73.49,79,100,5.57
175,lodja,CD,1559695455,-3.52,23.6,67.55,65,0,1.83
176,ponta do sol,BR,1559695455,-20.63,-46,54.95,91,0,2.75
177,serabu,SL,1559695455,7.79,-12.05,75.29,95,81,1.25
178,sao sebastiao,BR,1559695455,-3.15,-58.36,75.65,94,38,1.63
181,provideniya,RU,1559695455,64.42,-173.23,42.8,81,20,8.95
184,chokurdakh,RU,1559695455,70.62,147.9,38.75,58,21,6.33
185,brcko,BA,1559695382,44.87,18.81,62.01,93,75,3.36
186,srandakan,ID,1559695455,-7.94,110.25,78.71,83,99,8.25
187,weihai,CN,1559695456,37.5,122.11,80.01,56,79,7.99
188,ouadda,CF,1559695456,8.07,22.4,69.53,80,73,2.73
189,turayf,SA,1559695456,31.68,38.65,82.4,24,0,11.41
190,fort nelson,CA,1559695456,58.81,-122.69,53.6,58,75,8.05
191,tateyama,JP,1559695456,36.66,137.31,84.99,65,75,3.36
192,georgetown,GY,1559695457,6.8,-58.16,82.4,78,40,13.87
193,sainte-maxime,FR,1559695457,43.31,6.64,68,67,17,3.47
194,codrington,AU,1559695457,-28.95,153.24,63,55,75,12.75
195,lebu,ET,1559695457,8.96,38.73,57.11,70,79,1.28
196,fairbanks,US,1559695336,64.84,-147.72,71.01,24,75,10.29
197,havre-saint-pierre,CA,1559695457,50.23,-63.6,46.4,87,40,4.7
198,bulolo,PG,1559695457,-7.2,146.64,76.91,65,76,2.73
199,port blair,IN,1559695424,11.67,92.75,85.55,76,62,9.04
200,tongling,CN,1559695414,30.93,117.81,81.59,66,87,4.72
202,miles city,US,1559695247,46.41,-105.84,78.8,34,1,8.05
203,ugoofaaru,MV,1559695458,5.67,73,83.75,78,100,17.29
204,egvekinot,RU,1559695458,66.32,-179.17,48.65,71,97,8.37
206,barra do garcas,BR,1559695207,-15.89,-52.26,71.33,66,4,5.95
207,makakilo city,US,1559695224,21.35,-158.09,89.6,65,75,10.29
208,sarh,TD,1559695458,9.14,18.39,82.67,50,44,3.56
209,peredovaya,RU,1559695458,44.12,41.48,56.57,79,2,5.37
210,henties bay,NA,1559695458,-22.12,14.28,57.29,83,0,11.3
211,darab,IR,1559695458,28.75,54.55,69.17,20,0,4.14
212,iqaluit,CA,1559695458,63.75,-68.52,37.4,74,75,4.7
214,clyde river,CA,1559695459,70.47,-68.59,35.6,93,1,8.05
215,porto novo,BR,1559695459,-23.68,-45.44,53.6,87,0,10.22
216,novobelokatay,RU,1559695459,55.7,58.96,39.47,71,2,16.6
217,peniche,PT,1559695399,39.36,-9.38,59,77,20,9.17
218,severo-kurilsk,RU,1559695459,50.68,156.12,41.09,93,100,17.78
219,souillac,FR,1559695459,45.6,-0.6,61,93,99,3.36
220,wilmington,US,1559695286,39.75,-75.55,69.01,42,1,5.99
221,nagaur,IN,1559695459,27.2,73.74,95.45,36,0,19.64
223,minnedosa,CA,1559695460,50.25,-99.84,73.4,43,20,17.22
224,kruisfontein,ZA,1559695460,-34,24.73,61.07,55,98,5.95
226,alofi,NU,1559695460,-19.06,-169.92,78.8,69,75,16.11
228,kenora,CA,1559695460,49.76,-94.48,71.6,72,75,12.75
229,taoudenni,ML,1559695460,22.68,-3.98,94.19,7,0,7.83
230,rio de jesus,PA,1559695460,7.98,-81.16,78.35,92,100,3.76
231,inhambane,MZ,1559695460,-23.87,35.38,60.53,92,0,1.21
234,darnah,LY,1559695317,32.77,22.64,67.73,72,0,5.55
235,richards bay,ZA,1559695461,-28.77,32.06,72.05,61,0,20.09
236,padang,ID,1559695461,-0.92,100.36,83.21,76,98,5.77
237,hobyo,SO,1559695461,5.35,48.53,81.05,68,100,24
238,araouane,ML,1559695461,18.9,-3.53,91.13,10,0,5.77
239,alangudi,IN,1559695461,10.36,78.99,80.6,78,20,11.41
240,erdenet,MN,1559695461,49.03,104.04,48.29,49,87,3.13
241,chino valley,US,1559695461,34.76,-112.45,82.99,21,1,12.64
242,bathsheba,BB,1559695462,13.22,-59.52,82.4,78,40,19.46
243,juneau,US,1559695462,58.3,-134.42,60.01,71,75,9.17
244,batemans bay,AU,1559695462,-35.71,150.18,57,58,8,4
245,kaeo,NZ,1559695462,-35.1,173.78,64,100,68,16.37
246,palauig,PH,1559695462,15.44,119.9,88.25,67,100,8.7
247,san quintin,PH,1559695462,17.54,120.52,86.63,63,50,3.4
248,upernavik,GL,1559695462,72.79,-56.15,33.89,88,29,2.26
249,sept-iles,CA,1559695462,50.2,-66.38,50,81,75,2.24
250,alihe,CN,1559695463,50.57,123.73,67.91,42,0,8.12
251,weligama,LK,1559695463,5.97,80.42,83.21,80,98,18.05
252,grootfontein,NA,1559695463,-19.56,18.1,49.01,49,0,3.27
253,vila franca do campo,PT,1559695463,37.72,-25.43,62.6,63,75,6.93
254,haines junction,CA,1559695463,60.75,-137.51,56.93,33,51,3.31
255,pangnirtung,CA,1559695463,66.15,-65.72,46.49,42,1,4.07
256,fountain,US,1559695214,38.68,-104.7,73.99,30,75,5.82
257,katsuura,JP,1559695463,33.93,134.5,71.6,94,75,2.24
258,naze,NG,1559695464,5.43,7.07,74.39,97,100,4.52
260,soyo,AO,1559695464,-6.13,12.37,75.29,86,13,6.17
261,los llanos de aridane,ES,1559695464,28.66,-17.92,69.8,73,2,11.41
262,kapaa,US,1559695464,22.08,-159.32,84.2,69,75,18.34
263,mayskiy,RU,1559695464,43.63,44.06,62.6,88,62,6.71
264,kenai,US,1559695464,60.55,-151.26,62.01,76,1,14.99
265,lavrentiya,RU,1559695464,65.58,-170.99,59.99,39,1,3.67
266,half moon bay,US,1559695464,37.46,-122.43,87.01,37,5,6.93
267,biltine,TD,1559695465,14.53,20.93,95.99,32,79,7.05
269,xingyi,CN,1559695465,24.19,102.82,61.25,89,24,6.87
270,kodiak,US,1559695190,39.95,-94.76,84.99,37,75,13.87
271,muli,IN,1559695465,22.62,71.45,83.39,68,0,15.41
272,san jeronimo,PE,1559695465,-13.65,-73.37,41.99,85,0,3.15
273,vardo,US,1559695465,39.62,-77.74,72,56,1,4.7
274,moba,CD,1559695465,-7.04,29.77,57.11,76,0,4.29
275,bakchar,RU,1559695465,57.02,82.07,51.53,87,0,3.62
276,port elizabeth,US,1559695466,39.31,-74.98,69.8,55,1,4.7
277,hasaki,JP,1559695466,35.73,140.83,77,73,75,8.05
278,shadegan,IR,1559695221,30.65,48.67,89.6,79,0,11.65
280,brightwater,NZ,1559695466,-41.37,173.11,51.01,94,100,2.19
281,dikson,RU,1559695466,73.51,80.55,32.81,95,100,7.87
282,nicoya,CR,1559695466,10.15,-85.45,84.2,70,75,9.17
283,mitsamiouli,KM,1559695466,-11.38,43.28,80.51,72,42,15.82
284,narsaq,GL,1559695466,60.91,-46.05,50,43,0,12.75
285,qaanaaq,GL,1559695467,77.48,-69.36,24.71,92,52,0.87
286,fairfield,US,1559695467,38.25,-122.04,98.6,37,1,5.82
287,lata,IN,1559695467,30.78,78.62,34.43,45,0,9.6
288,lubumbashi,CD,1559695467,-11.66,27.48,52.43,82,44,5.03
289,marsa matruh,EG,1559695467,31.35,27.25,70.79,85,97,8.7
290,harper,US,1559695468,30.3,-99.24,80.6,74,90,5.82
291,praia,BR,1559695468,-20.25,-43.81,64.4,68,0,9.17
292,kyshtovka,RU,1559695468,56.56,76.62,53.15,90,31,12.1
293,nizhnyaya salda,RU,1559695468,58.07,60.71,44.87,63,99,17.58
294,matay,EG,1559695468,28.42,30.79,83.57,32,87,15.86
295,matara,PE,1559695468,-13.74,-72.9,36.41,80,24,4.43
296,grand gaube,MU,1559695468,-20.01,57.66,69.8,83,40,11.41
297,saint-pierre,FR,1559695469,48.95,4.24,64.4,82,0,7.85
298,develi,TR,1559695469,38.39,35.49,59,51,75,2.66
299,klaksvik,FO,1559695469,62.23,-6.59,42.8,100,96,11.41
300,dillon,US,1559695469,45.22,-112.64,80.01,33,1,17.22
301,abonnema,NG,1559695469,4.71,6.79,75.83,92,100,5.86
302,geraldton,CA,1559695469,49.72,-86.95,62.6,30,75,6.93
303,mareeba,AU,1559695470,-16.99,145.42,70,35,0,16.11
304,port hardy,CA,1559695470,50.7,-127.42,55.4,66,75,8.05
305,derzhavinsk,KZ,1559695470,51.1,66.31,51.53,62,0,16.87
307,san cristobal,EC,1559695470,-0.39,-78.55,62.6,67,40,5.82
308,luderitz,NA,1559695470,-26.65,15.16,53.6,81,0,4.7
309,aksarka,RU,1559695470,66.56,67.8,34.43,85,99,18.45
310,victoria,BN,1559695471,5.28,115.24,80.6,88,75,3.36
311,namtsy,RU,1559695471,62.72,129.66,69.8,46,0,2.24
312,nyagan,RU,1559695471,62.14,65.43,42.17,89,97,10.13
313,nemuro,JP,1559695471,43.32,145.57,53.6,93,75,4.7
314,beringovskiy,RU,1559695471,63.05,179.32,56.75,52,69,11.39
315,velingara,SN,1559695472,13.64,-16.01,75.11,79,93,10.51
316,forio,IT,1559695472,40.73,13.86,66.99,93,40,3.78
317,boysun,UZ,1559695472,38.2,67.2,48.11,75,91,1.66
319,ozernovskiy,RU,1559695472,51.5,156.52,47.39,78,99,2.44
320,dingle,PH,1559695472,11,122.67,86.63,56,87,7.61
321,marsabit,KE,1559695472,2.34,37.99,82.13,51,77,13.02
322,castro,CL,1559695420,-42.48,-73.76,51.8,87,75,17.22
324,ouallam,NE,1559695473,14.32,2.08,96.89,24,39,8.28
325,phuket,TH,1559695259,7.89,98.4,78.8,88,40,1.12
326,ixtapa,MX,1559695473,20.71,-105.21,75.2,78,90,5.82
327,tura,IN,1559695473,25.52,90.21,76.01,80,1,5.1
328,tulun,RU,1559695473,54.56,100.58,52.79,56,100,2.42
329,hirado,JP,1559695473,33.32,129.49,75.2,88,0,4.7
330,tiznit,MA,1559695329,29.7,-9.73,66.83,89,0,13.22
332,mahibadhoo,MV,1559695473,3.78,72.97,83.21,77,100,19.17
333,shieli,KZ,1559695473,44.18,66.74,78.71,37,63,6.64
334,kysyl-syr,RU,1559695474,63.9,122.77,60.53,75,100,2.06
335,qaqortoq,GL,1559695474,60.72,-46.03,50,43,0,12.75
336,itarema,BR,1559695474,-2.92,-39.92,77.99,84,66,6.85
337,sao joao da barra,BR,1559695474,-21.64,-41.05,63.23,67,69,7.72
338,hervey bay,AU,1559695474,-25.3,152.85,68,48,51,9.17
339,flagstaff,US,1559695373,35.2,-111.65,82.99,44,1,17.22
340,turukhansk,RU,1559695474,65.8,87.96,47.39,56,0,8.19
341,chumikan,RU,1559695474,54.72,135.31,46.67,82,98,5.01
342,maneromango,TZ,1559695474,-7.2,38.78,68.27,89,0,2.68
343,am timan,TD,1559695475,11.04,20.28,85.73,53,96,3.33
344,ilebo,CD,1559695475,-4.33,20.59,67.73,49,7,2.46
345,taltal,CL,1559695475,-25.41,-70.49,62.33,64,0,2.39
346,igarka,RU,1559695475,67.47,86.57,41.27,77,57,9.35
347,dharchula,IN,1559695475,29.85,80.53,50.27,51,1,8.41
348,salalah,OM,1559695475,17.01,54.1,86,79,75,5.82
349,jati,PK,1559695475,24.35,68.27,85.01,75,0,17.81
350,vila,IT,1559695476,45.18,8.4,70,72,0,1.12
351,hamilton,BM,1559695476,32.3,-64.78,73.4,88,90,5.82
353,road town,VG,1559695476,18.42,-64.62,82.4,78,40,5.82
354,vanimo,PG,1559695476,-2.67,141.3,82.49,73,70,3.74
355,kirensk,RU,1559695476,57.78,108.12,55.49,53,100,2.19
357,maracacume,BR,1559695477,-2.04,-45.96,74.57,97,50,2.08
358,marawi,PH,1559695477,8,124.29,81,84,100,1.99
359,oytal,KZ,1559695477,42.91,73.27,65.93,39,1,13.13
361,umm lajj,SA,1559695477,25.02,37.27,90.41,54,18,14.2
362,leningradskiy,RU,1559695477,69.38,178.42,34.97,91,100,9.06
363,chapais,CA,1559695477,49.78,-74.86,42.8,81,90,4.7
364,carutapera,BR,1559695477,-1.2,-46.02,77.09,90,90,3.56
365,esik,KZ,1559695478,43.36,77.47,60.8,72,40,4.47
366,minbu,MM,1559695478,20.18,94.88,78.17,78,64,4.03
367,oshakati,NA,1559695478,-17.78,15.7,60.8,23,0,3.36
368,trinidad,UY,1559695380,-33.52,-56.9,50.63,91,0,9.73
369,muros,ES,1559695478,42.77,-9.06,57,100,40,2.24
370,esqueda,MX,1559695478,30.72,-109.59,77.09,16,0,16.89
372,norsup,VU,1559695478,-16.07,167.38,82.4,74,75,8.05
373,dombarovskiy,RU,1559695479,50.76,59.54,49.73,67,0,11.9
374,findlay,US,1559695202,41.04,-83.65,77,49,1,10.29
375,dingzhou,CN,1559695479,38.51,115,71.6,78,100,4.47
376,ketchikan,US,1559695378,55.34,-131.65,55.4,71,90,10.29
377,adolfo lopez mateos,MX,1559695479,26.8,-109.39,90,61,0,4
378,xingcheng,CN,1559695479,40.62,120.71,67.37,71,100,5.37
379,gonnoi,GR,1559695479,39.87,22.47,64.99,82,75,2.8
380,kitakata,JP,1559695479,37.67,139.86,75.99,65,100,1.01
381,nara,JP,1559695186,34.68,135.8,78.01,78,75,2.24
382,marsh harbour,BS,1559695226,26.54,-77.06,82.31,72,60,8.9
383,pangkalanbuun,ID,1559695480,-2.68,111.62,75.29,96,74,1.21
384,kapit,MY,1559695480,2.02,112.94,75.83,84,100,2.24
385,kenitra,MA,1559695480,34.26,-6.57,68,82,20,6.93
386,esil,KZ,1559695480,51.96,66.41,51.35,66,31,17.29
387,mar del plata,AR,1559695480,-46.43,-67.52,55.31,57,100,20.33
389,bela palanka,RS,1559695480,43.22,22.31,60.8,87,40,2.24
390,champerico,MX,1559695480,16.38,-93.6,87.8,58,75,9.17
393,huarmey,PE,1559695481,-10.07,-78.15,63.23,89,73,15.23
394,ambon,FR,1559695481,47.55,-2.56,57.99,82,75,5.82
395,lagoa,PT,1559695394,37.14,-8.45,62.6,67,0,14.99
396,saint george,GR,1559695426,39.45,22.34,64.4,82,75,3.87
399,san patricio,PY,1559695481,-26.98,-56.83,55.13,92,0,4.43
400,leninskoye,RU,1559695481,54.82,82.85,50,93,20,5.19
401,staraya kulatka,RU,1559695481,52.73,47.62,49.73,86,0,4.76
403,tignere,CM,1559695482,7.37,12.65,71.33,75,82,2.39
404,wabana,CA,1559695482,47.63,-52.95,57.99,100,90,13.87
405,chivay,PE,1559695482,-15.64,-71.6,40.73,30,0,2.42
406,samarai,PG,1559695482,-10.62,150.67,76.73,94,79,7.36
407,natitingou,BJ,1559695482,10.31,1.38,84.29,56,96,5.03
408,berlevag,NO,1559695482,70.86,29.09,42.89,78,70,8.75
409,virginia beach,US,1559694936,36.85,-75.98,73.4,52,1,9.17
410,deputatskiy,RU,1559695482,69.3,139.9,42.35,39,0,16.06
411,norman wells,CA,1559695482,65.28,-126.83,39.2,100,90,2.24
412,jacareacanga,BR,1559695483,-6.22,-57.76,77.99,74,62,1.72
413,santa isabel,CO,1559695483,4.71,-75.1,77,78,75,3.36
414,santa fe,AR,1559695484,-31.62,-60.7,63,77,1,5.99
416,biu,NG,1559695484,10.61,12.19,84.11,54,96,12.33
417,namibe,AO,1559695484,-15.19,12.15,71.15,74,0,2.51
418,faya,SA,1559695484,18.39,42.45,66.2,59,0,2.33
419,dumai,ID,1559695191,1.68,101.45,75.83,92,100,1.9
421,dengzhou,CN,1559695411,32.69,112.08,84.83,56,100,11.5
422,lorengau,PG,1559695484,-2.02,147.27,82.13,86,87,5.32
423,joao pinheiro,BR,1559695484,-17.74,-46.17,66.11,73,2,8.72
424,blumenau,BR,1559695208,-26.92,-49.07,59,87,20,3.36
425,baykit,RU,1559695485,61.68,96.39,59.09,55,32,2.77
426,steamboat springs,US,1559695485,40.48,-106.83,71.6,34,1,9.17
427,mehamn,NO,1559695485,71.03,27.85,41.27,81,99,9.08
428,jiuquan,CN,1559695485,39.73,98.49,72.41,22,64,6.58
429,fastovetskaya,RU,1559695485,45.92,40.15,67.19,79,2,12.28
430,mweka,CD,1559695485,-4.85,21.56,66.83,54,0,1.9
431,lasa,CY,1559695485,34.92,32.53,71.6,72,0,4.7
432,zaltan,LY,1559695485,32.95,11.87,78.35,32,0,10.45
433,aysha,SY,1559695486,36.65,39.37,80.69,24,22,7.52
434,kota kinabalu,MY,1559695486,5.98,116.07,80.01,88,75,4.7
435,kaspiyskiy,RU,1559695486,45.39,47.37,79.07,42,100,18.52
436,moose factory,CA,1559695288,51.26,-80.61,46.4,75,90,6.93
438,kavaratti,IN,1559695486,10.57,72.64,85.91,71,100,7.67
439,tianpeng,CN,1559695486,28.88,112.34,82.49,72,100,8.41
440,buala,SB,1559695486,-8.15,159.59,84.11,79,64,10.96
441,cabo san lucas,MX,1559695355,22.89,-109.91,84,58,5,14.99
442,bartica,GY,1559695486,6.41,-58.62,80.6,88,20,9.17
443,pali,IN,1559695229,25.77,73.33,90.95,45,0,14.14
444,kirakira,SB,1559695487,-10.46,161.92,84.29,76,81,7.52
446,parrita,CR,1559695487,9.52,-84.33,73.99,78,75,8.05
448,horana,LK,1559695487,6.72,80.06,77,100,20,4.7
449,port moresby,PG,1559695487,-9.47,147.16,84.2,74,20,17.22
450,bunia,CD,1559695487,1.56,30.25,66.11,95,100,1.97
451,kaitangata,NZ,1559695487,-46.28,169.85,46.99,63,45,5.99
452,terrace,CA,1559695488,54.52,-128.61,51.8,76,75,11.41
453,isangel,VU,1559695488,-19.55,169.27,80.6,74,75,2.24
454,graham,US,1559695488,36.07,-79.4,79,47,1,3.36
455,santa cruz de la palma,ES,1559695488,28.68,-17.76,69.8,73,6,11.41
456,magan,RU,1559695488,62.1,129.53,69.8,46,0,2.24
457,saint-louis,CH,1559695489,47.59,7.56,71.01,64,83,2.24
458,cochrane,CL,1559695489,-47.25,-72.57,37.49,97,100,5.7
459,innisfail,CA,1559695489,52.02,-113.95,66,51,75,11.41
460,mvangue,CM,1559695489,2.97,11.5,69.71,97,99,4.12
461,bull savanna,JM,1559695489,17.89,-77.59,84.29,72,45,3.13
463,buluang,PH,1559695489,10.47,123.98,86,66,75,6.93
464,rosario do sul,BR,1559695489,-30.26,-54.91,53.15,91,0,6.53
465,meadow lake,CA,1559695490,54.13,-108.44,69.8,31,40,17.22
466,grindavik,IS,1559695490,63.84,-22.43,44.01,75,75,17.22
467,azul,AR,1559695490,-36.78,-59.86,54.95,78,100,14.52
468,karachi,PK,1559695490,24.87,67.03,86,74,40,12.75
469,udachnyy,RU,1559695490,66.42,112.4,44.6,100,90,4.47
470,suining,CN,1559695490,30.51,105.57,71.51,83,100,7.61
471,artyom,RU,1559695490,43.36,132.19,59,87,90,0.43
472,tocopilla,CL,1559695490,-22.09,-70.2,59.81,96,99,7.49
473,solnechnyy,RU,1559695491,50.72,136.64,63.95,54,16,4.56
474,poum,MK,1559695491,41.28,20.71,47.21,94,40,1.97
476,samfya,ZM,1559695491,-11.37,29.56,55.13,80,0,6.44
477,cockburn town,TC,1559695211,21.46,-71.14,81.77,79,21,11.34
478,ambovombe,MG,1559695491,-25.18,46.09,72.77,78,2,16.33
479,maniitsoq,GL,1559695491,65.42,-52.9,49.55,48,2,7.25
480,kurilsk,RU,1559695491,45.23,147.88,45.05,90,69,5.1
481,evensk,RU,1559695491,61.92,159.24,57.11,55,32,5.37
482,quatre cocos,MU,1559695491,-20.21,57.76,69.8,83,40,11.41
484,bira,RU,1559695492,49,132.47,74.21,44,68,1.9
486,dukat,RS,1559695492,42.44,22.31,55.99,93,54,2.75
487,rosarito,CO,1559695492,4.91,-75.23,77,78,75,3.36
488,valavanur,IN,1559695492,11.92,79.58,86.99,61,96,8.72
491,san juan,PH,1559695493,14.6,121.03,90,70,75,6.93
492,lewistown,US,1559695493,40.39,-90.15,84,65,40,12.75
493,college,US,1559695493,64.86,-147.8,71.01,24,75,10.29
494,dauriya,RU,1559695493,49.93,116.85,47.75,68,99,15.66
495,porto-vecchio,FR,1559695493,41.59,9.28,64.4,67,0,8.05
496,constitucion,MX,1559695494,23.99,-104.67,80.6,28,75,16.11
497,aasiaat,GL,1559695494,68.71,-52.87,39.83,69,6,6.76
498,emerald,AU,1559695494,-23.53,148.16,61,44,58,19.46
499,maues,BR,1559695494,-3.38,-57.72,75.29,94,99,0.98
500,shenjiamen,CN,1559695494,29.96,122.3,73.85,87,87,8.57
502,halmstad,SE,1559695494,56.67,12.86,53.6,76,77,6.93
503,san luis,AR,1559695327,-33.3,-66.34,63.95,44,95,16.6
504,esperance,TT,1559695495,10.24,-61.45,82.99,78,20,13.87
506,freeport,BS,1559695495,26.54,-78.7,82.4,88,75,5.82
507,surin,TH,1559695495,14.88,103.49,85.73,63,95,4.21
508,curaca,BR,1559695495,-8.99,-39.91,81.23,46,56,11.72
509,kedrovyy,RU,1559695495,56.17,91.82,59,54,0,6.71
510,pemba,MZ,1559695496,-12.97,40.52,75.11,81,2,13.85
511,iquitos,PE,1559695496,-3.75,-73.25,75.2,94,40,3.36
512,lonar,IN,1559695496,19.99,76.52,90.23,38,87,14.94
513,tari,NG,1559695496,12.41,4.49,96.53,31,92,13.11
514,mabaruma,GY,1559695496,8.2,-59.78,74.39,98,34,2.82
515,lure,FR,1559695496,47.69,6.5,71.01,52,0,4.7
516,toamasina,MG,1559695496,-18.17,49.38,61.79,99,93,2.73
517,williston,US,1559695490,48.15,-103.62,80.6,21,1,10.29
518,batamshinskiy,KZ,1559695497,50.56,58.27,46.4,70,0,11.18
519,ak-dovurak,RU,1559695497,51.17,90.6,44.87,66,2,2.75
520,ughelli,NG,1559695497,5.49,6,75.65,97,100,2.42
521,kodinsk,RU,1559695497,58.6,99.18,59.81,50,4,3.87
522,bagdarin,RU,1559695497,54.44,113.59,54.05,80,98,9.86
524,belokurikha,RU,1559695497,52,84.99,53.87,81,0,6.42
525,camacupa,AO,1559695497,-12.02,17.48,50.99,50,47,4.32
526,vestmannaeyjar,IS,1559695498,63.44,-20.27,47.93,62,100,19.48
527,sao paulo de olivenca,BR,1559695498,-3.38,-68.87,77.09,86,66,2.08
528,yanam,IN,1559695498,16.73,82.22,84.47,81,91,1.7
529,daru,SL,1559695498,7.99,-10.85,72.41,98,100,1.48
531,waingapu,ID,1559695498,-9.65,120.26,76.37,77,93,14.9
532,dhanwar,IN,1559695498,24.42,85.98,87.53,61,15,7.16
533,vaitape,PF,1559695499,-16.52,-151.75,81.77,72,1,12.64
534,vagur,FO,1559695499,61.47,-6.81,46.31,89,100,17.6
535,kununurra,AU,1559695499,-15.77,128.74,64.4,27,98,14.99
536,whyalla,AU,1559695499,-33.04,137.58,51.8,66,1,11.41
537,husavik,CA,1559695499,50.56,-96.99,73,48,93,7
538,piacabucu,BR,1559695499,-10.41,-36.43,77.09,71,90,3.87
539,pouebo,NC,1559695499,-20.4,164.57,75.47,71,100,5.53
540,houston,US,1559695248,29.76,-95.37,82.99,78,75,11.23
541,tessalit,ML,1559695500,20.2,1.01,92.57,13,0,7.49
542,ust-kulom,RU,1559695500,61.69,53.69,37.31,75,0,0.69
544,tanout,NE,1559695500,14.97,8.88,96.53,27,66,15.97
545,bontang,ID,1559695500,0.12,117.47,75.29,93,77,1.59
546,hofn,IS,1559695500,64.25,-15.21,29.93,84,100,24.18
547,gracac,RS,1559695500,43.65,20.83,60.8,100,75,1.12
548,straumen,NO,1559695500,63.87,11.3,53.01,93,0,3.04
549,rio verde de mato grosso,BR,1559695501,-18.92,-54.84,63.95,80,0,7.92
550,arlit,NE,1559695501,18.74,7.39,97.25,23,100,10.25
551,znamenskoye,RU,1559695501,57.13,73.82,55.67,78,81,10.33
552,muzhi,RU,1559695501,65.4,64.7,35.69,92,100,11.65
553,hirara,JP,1559695502,24.8,125.28,84.2,83,75,11.41
555,benghazi,LY,1559695502,32.12,20.07,68.81,69,0,8.93
556,zhob,PK,1559695502,31.34,69.45,65.39,21,50,6.11
557,vila velha,BR,1559695502,-3.71,-38.6,80.6,78,20,6.93
558,farafangana,MG,1559695502,-22.82,47.83,65.93,96,85,1.41
559,sijunjung,ID,1559695502,-0.69,100.95,67.91,96,98,0.98
560,port augusta,AU,1559695502,-32.49,137.76,51.8,66,0,11.41
561,baft,IR,1559695503,29.23,56.61,56.21,24,0,3.58
562,kalmunai,LK,1559695503,7.42,81.82,76.37,90,70,1.3
563,saint anthony,US,1559695503,43.97,-111.68,78.8,31,1,6.93
564,saint-francois,FR,1559695503,46.42,3.91,64.4,77,100,4.7
565,muravlenko,RU,1559695503,63.79,74.5,56.57,54,94,7.92
566,hambantota,LK,1559695503,6.12,81.12,83.03,78,92,16.98
567,tabou,CI,1559695503,4.42,-7.36,74.75,90,14,2.68
568,tecoanapa,MX,1559695504,16.99,-99.26,84.2,74,90,2.24
569,sao jose da coroa grande,BR,1559695504,-8.9,-35.15,72.95,87,27,2.89
570,katete,UG,1559695504,-0.78,29.75,62.69,93,100,1.88
571,lufilufi,WS,1559695504,-13.87,-171.6,86,70,18,5.01
572,flinders,AU,1559695504,-34.58,150.85,55.99,58,75,16.11
573,mana,RS,1559695504,43.52,20.24,60.8,100,75,1.12
574,krasnyy luch,RU,1559695504,55.97,38.97,51.8,76,0,2.24
575,ust-ishim,RU,1559695505,57.69,71.17,54.23,90,100,9.19
576,port hedland,AU,1559695505,-20.31,118.58,66.2,24,0,24.16
577,muisne,EC,1559695505,0.61,-80.02,78.53,86,89,15.19
578,hay river,CA,1559695505,60.82,-115.79,46.4,70,75,17.22
579,suntar,RU,1559695505,62.16,117.65,60.71,57,90,2.26
580,vilhena,BR,1559695211,-12.74,-60.15,71.51,71,1,5.41
581,zaysan,KZ,1559695505,47.47,84.87,57.65,70,1,8.39
582,morristown,US,1559695226,36.21,-83.29,82.4,54,1,4.7
583,cortez,US,1559695373,37.35,-108.58,71.6,28,1,21.92
584,portland,US,1559695466,45.52,-122.67,80.01,24,20,4.7
585,utena,LT,1559695506,55.5,25.6,58.19,88,0,6.35
586,kosh-agach,RU,1559695506,49.99,88.66,45.23,57,13,5.21
587,dalbandin,PK,1559695468,28.9,64.41,79.79,21,77,4.79
588,juegang,CN,1559695506,32.31,121.18,82,54,100,10.27
589,kibakwe,TZ,1559695506,-6.71,36.37,61.25,77,0,3.11
590,yerbogachen,RU,1559695255,61.28,108.01,60.35,42,71,0.45
591,anadyr,RU,1559695506,64.73,177.51,53.6,58,40,13.42
592,kajaani,FI,1559695506,64.22,27.73,39.2,100,0,3.36
593,biloela,AU,1559695507,-24.4,150.51,60.53,37,7,16.58
595,iquique,CL,1559695258,-20.22,-70.14,62.6,72,90,5.82
596,puerto narino,CO,1559695507,-3.77,-70.38,77,100,40,2.24
597,kandrian,PG,1559695507,-6.21,149.55,84.29,67,50,9.26
598,peleduy,RU,1559695507,59.63,112.75,59.81,45,95,3.4
599,warrington,GB,1559695507,53.39,-2.59,53.01,93,75,4.7
600,mpika,ZM,1559695507,-11.84,31.4,52.61,90,0,8.5
601,hami,CN,1559695507,42.84,93.51,74.57,23,22,17.92
602,iskateley,RU,1559695508,67.68,53.15,39.11,69,58,8.48
603,mumford,GH,1559695508,5.26,-0.76,74.75,96,100,4.81
604,belmonte,PT,1559695508,40.36,-7.35,51.01,80,12,1.99
605,nome,US,1559695508,30.04,-94.42,80.6,83,75,11.41
606,nelson bay,AU,1559695508,-32.72,152.14,54,87,90,17.22
607,mosalsk,RU,1559695508,54.49,34.98,51.71,96,0,4.92
608,unai,BR,1559695390,-16.36,-46.91,68.99,69,53,4.47
609,ostersund,SE,1559695214,63.18,14.64,50,81,55,5.82
613,pijijiapan,MX,1559695509,15.69,-93.21,86.09,65,87,2.73
614,manavalakurichi,IN,1559695509,8.13,77.3,80.6,88,20,3.36
615,kulhudhuffushi,MV,1559695509,6.62,73.07,83.39,77,100,16.87
617,niono,ML,1559695509,14.25,-5.99,98.51,5,100,5.41
619,pangody,RU,1559695509,65.85,74.49,51.17,57,100,5.26
620,nemencine,LT,1559695509,54.85,25.48,60.8,67,0,4.7
621,pundaguitan,PH,1559695509,6.37,126.17,82.85,73,100,8.03
622,waddan,LY,1559695510,29.16,16.14,79.61,30,2,13.65
623,rocha,UY,1559695388,-34.48,-54.34,47.21,85,11,5.44
625,sur,OM,1559695510,22.57,59.53,90.41,47,70,13.51
626,kloulklubed,PW,1559695510,7.04,134.26,80.6,83,90,4.7
627,hailar,CN,1559695510,49.2,119.7,55.67,60,25,15.48
